PRAGMA foreign_keys = OFF;
--END TRANSACTION;
BEGIN TRANSACTION;

--Clube
INSERT INTO Clube VALUES('FC Porto','Porto',1955);
INSERT INTO Clube VALUES('AD Sanjoanense','SFC Portoão João da Madeira',1924);
INSERT INTO Clube VALUES('SC Tomar','Tomar',1915);
INSERT INTO Clube VALUES('OC Barcelos','Barcelos',1948);
INSERT INTO Clube VALUES('Benfica','Lisboa',1904);
INSERT INTO Clube VALUES('Sporting','Lisboa',1906);
INSERT INTO Clube VALUES('SC Marinhense','Marinha Grande',1939);
INSERT INTO Clube VALUES('Juventude de Viana ','Viana do Castelo',1976);
INSERT INTO Clube VALUES('HC Braga','Braga',1988);
INSERT INTO Clube VALUES('UD Oliveirense','Oliveira de Azeméis',1967);
INSERT INTO Clube VALUES('AD Valongo','Valongo',1955);
INSERT INTO Clube VALUES('CD Paço de Arcos','Paço de Arcos',1944);
INSERT INTO Clube VALUES('Parede FC','Parede',1928);
INSERT INTO Clube VALUES('HC Turquel','Turquel',1964);

--Classificacao
INSERT INTO Classificacao VALUES('FC Porto',1,64,26,21,1,4,151,68,83);
INSERT INTO Classificacao VALUES('AD Sanjoanense',2,62,26,20,2,4,139,85,54);
INSERT INTO Classificacao VALUES('SC Tomar',3,56,26,18,2,6,116,68,48);
INSERT INTO Classificacao VALUES('OC Barcelos',4,56,26,18,2,6,104,73,31);
INSERT INTO Classificacao VALUES('Benfica',5,55,26,18,1,7,122,72,50);
INSERT INTO Classificacao VALUES('Sporting',6,42,26,14,0,12,88,81,7);
INSERT INTO Classificacao VALUES('SC Marinhense',7,41,26,13,2,11,89,89,0);
INSERT INTO Classificacao VALUES('Juventude de Viana',8,39,26,12,3,11,81,74,7);
INSERT INTO Classificacao VALUES('HC Braga',9,26,26,8,2,16,82,119,37);
INSERT INTO Classificacao VALUES('UD Oliveirense',10,25,26,7,4,15,84,116,32);
INSERT INTO Classificacao VALUES('AD Valongo',11,18,26,5,3,18,76,126,50);
INSERT INTO Classificacao VALUES('CD Paço de Arcos',12,16,26,5,1,20,78,126,48);
INSERT INTO Classificacao VALUES('Parede FC',13,16,26,4,4,18,66,131,65);
INSERT INTO Classificacao VALUES('HC Turquel',14,15,26,4,3,19,78,126,48);

--Equipa
INSERT INTO Equipa VALUES(1,'FC Porto',1);
INSERT INTO Equipa VALUES(2,'AD Sanjoanense',12);
INSERT INTO Equipa VALUES(3,'SC Tomar',8);
INSERT INTO Equipa VALUES(4,'OC Barcelos',5);
INSERT INTO Equipa VALUES(5,'Benfica',3);
INSERT INTO Equipa VALUES(6,'Sporting',2);
INSERT INTO Equipa VALUES(7,'SC Marinhense',13);
INSERT INTO Equipa VALUES(8,'Juventude de Viana',9);
INSERT INTO Equipa VALUES(9,'HC Braga',7);
INSERT INTO Equipa VALUES(10,'UD Oliveirense',4);
INSERT INTO Equipa VALUES(11,'AD Valongo',6);
INSERT INTO Equipa VALUES(12,'CD Paço de Arcos',10);
INSERT INTO Equipa VALUES(13,'Parede FC',11);
INSERT INTO Equipa VALUES(14,'HC Turquel',14);

--Jornada
INSERT INTO Jornada VALUES(1);
INSERT INTO Jornada VALUES(2);
INSERT INTO Jornada VALUES(3);
INSERT INTO Jornada VALUES(4);
INSERT INTO Jornada VALUES(5);
INSERT INTO Jornada VALUES(6);
INSERT INTO Jornada VALUES(7);
INSERT INTO Jornada VALUES(8);
INSERT INTO Jornada VALUES(9);
INSERT INTO Jornada VALUES(10);
INSERT INTO Jornada VALUES(11);
INSERT INTO Jornada VALUES(12);
INSERT INTO Jornada VALUES(13);
INSERT INTO Jornada VALUES(14);
INSERT INTO Jornada VALUES(15);
INSERT INTO Jornada VALUES(16);
INSERT INTO Jornada VALUES(17);
INSERT INTO Jornada VALUES(18);
INSERT INTO Jornada VALUES(19);
INSERT INTO Jornada VALUES(20);
INSERT INTO Jornada VALUES(21);
INSERT INTO Jornada VALUES(22);
INSERT INTO Jornada VALUES(23);
INSERT INTO Jornada VALUES(24);
INSERT INTO Jornada VALUES(25);
INSERT INTO Jornada VALUES(26);

--Jogo
INSERT INTO Jogo VALUES(2, 2021-09-18, '18:00:00', 'FC Porto', 'OC Barcelos', 1, 4);
INSERT INTO Jogo VALUES(3, 2021-09-18, '18:00:00', NULL, NULL, 3, 14);
INSERT INTO Jogo VALUES(4, 2021-09-18, '18:00:00', 'UD Oliveirense', 'SC Marinhense', 10, 7);
INSERT INTO Jogo VALUES(5, 2021-09-18, '17:00:00', 'HC Braga', 'CD Paço de Arcos', 9, 12);
INSERT INTO Jogo VALUES(6, 2021-09-22, '20:00:00', 'Sporting', 'AD Valongo', 11, 6);
INSERT INTO Jogo VALUES(7, 2021-09-18, '18:00:00', 'Juventude de Viana', 'Parede FC', 8, 13);
INSERT INTO Jogo VALUES(8, 2021-09-18, '18:00:00', 'Benfica', 'AD Sanjoanense', 5, 2);

INSERT INTO Jogo VALUES(9, 2021-09-26, '15:00:00', 'OC Barcelos', 'AD Sanjoanense', 4, 2);
INSERT INTO Jogo VALUES(10, 2021-09-25, '21:00:00', 'FC Porto', 'HC Turquel', 14, 1);
INSERT INTO Jogo VALUES(11, 2021-09-25, '17:00:00', 'SC Tomar', 'SC Marinhense', 7, 3);
INSERT INTO Jogo VALUES(12, 2021-09-25, '18:00:00', NULL, NULL, 12, 10);
INSERT INTO Jogo VALUES(13, 2021-09-25, '15:00:00', 'Sporting', 'HC Braga', 6, 2);
INSERT INTO Jogo VALUES(14, 2021-09-25, '21:00:00', 'Parede FC', 'AD Valongo', 13, 11);
INSERT INTO Jogo VALUES(15, 2021-09-25, '16:00:00', 'Benfica', 'Juventude de Viana', 5, 8);

INSERT INTO Jogo VALUES(16, 2021-10-02, '18:00:00', 'OC Barcelos', 'HC Turquel', 4, 14);
INSERT INTO Jogo VALUES(17, 2021-10-02, '21:00:00', 'FC Porto', 'SC Marinhense', 1, 7);
INSERT INTO Jogo VALUES(18, 2021-10-02, '18:00:00', 'SC Tomar', 'CD Paço de Arcos', 3, 12);
INSERT INTO Jogo VALUES(19, 2021-10-02, '18:00:00', NULL, NULL, 10, 6);
INSERT INTO Jogo VALUES(20, 2021-10-02, '17:00:00', 'Parede FC', 'HC Braga', 9, 13);
INSERT INTO Jogo VALUES(21, 2021-10-02, '18:30:00', 'AD Valongo', 'Benfica', 11, 5);
INSERT INTO Jogo VALUES(22, 2021-10-02, '18:00:00','Juventude de Viana', 'AD Sanjoanense', 2, 8);

INSERT INTO Jogo VALUES(23, 2021-10-05, '18:00:00', 'HC Turquel', 'AD Sanjoanense', 14, 2);
INSERT INTO Jogo VALUES(24, 2021-10-05, '17:00:00', 'OC Barcelos', 'SC Marinhense', 7, 4);
INSERT INTO Jogo VALUES(25, 2021-10-05, '15:00:00', 'FC Porto', 'CD Paço de Arcos', 12, 1);
INSERT INTO Jogo VALUES(26, 2021-10-05, '15:00:00', 'Sporting', 'SC Tomar', 6, 3);
INSERT INTO Jogo VALUES(27, 2021-10-05, '21:00:00', 'UD Oliveirense', 'Parede FC', 13, 10);
INSERT INTO Jogo VALUES(28, 2021-10-05, '19:00:00', 'Benfica', 'HC Braga', 5, 9);
INSERT INTO Jogo VALUES(29, 2021-10-05, '18:00:00', 'AD Valongo', 'Juventude de Viana', 8, 11);

INSERT INTO Jogo VALUES(30, 2021-10-09, '21:00:00', 'SC Marinhense', 'HC Turquel', 14, 7);
INSERT INTO Jogo VALUES(31, 2021-10-09, '18:00:00', 'OC Barcelos', 'CD Paço de Arcos', 4, 12);
INSERT INTO Jogo VALUES(32, 2021-10-10, '14:30:00', 'FC Porto', 'Sporting', 1, 6);
INSERT INTO Jogo VALUES(33, 2021-10-09, '18:00:00', 'SC Tomar', 'Parede FC', 3, 13);
INSERT INTO Jogo VALUES(34, 2021-10-09, '18:00:00', 'UD Oliveirense', 'Benfica', 10, 5);
INSERT INTO Jogo VALUES(35, 2021-10-09, '17:00:00', 'HC Braga', 'Juventude de Viana', 9, 8);
INSERT INTO Jogo VALUES(36, 2021-10-09, '18:00:00', 'AD Valongo', 'AD Sanjoanense', 2, 11);

INSERT INTO Jogo VALUES(37, 2021-10-16, '17:00:00', 'SC Marinhense', 'AD Sanjoanense', 7, 2);
INSERT INTO Jogo VALUES(38, 2021-10-16, '18:00:00', 'CD Paço de Arcos', 'HC Turquel', 12, 14);
INSERT INTO Jogo VALUES(39, 2021-10-17, '15:00:00', 'Sporting', 'OC Barcelos', 6, 4);
INSERT INTO Jogo VALUES(40, 2021-10-16, '21:30:00', 'FC Porto', 'Parede FC', 13, 1);
INSERT INTO Jogo VALUES(41, 2021-10-16, '17:00:00', 'SC Tomar', 'Benfica', 5, 3);
INSERT INTO Jogo VALUES(42, 2021-10-16, '18:00:00', 'UD Oliveirense', 'Juventude de Viana', 8, 10);
INSERT INTO Jogo VALUES(43, 2021-10-16, '18:30:00', 'AD Valongo', 'HC Braga', 11, 9);

INSERT INTO Jogo VALUES(44, 2021-10-20, '21:00:00', NULL, NULL, 7, 12);
INSERT INTO Jogo VALUES(45, 2021-10-26, '21:00:00', 'Sporting', 'HC Turquel', 14, 6);
INSERT INTO Jogo VALUES(46, 2021-10-20, '21:00:00', 'OC Barcelos', 'Parede FC', 4, 13);
INSERT INTO Jogo VALUES(47, 2021-10-21, '20:00:00', 'FC Porto', 'Benfica', 1, 5);
INSERT INTO Jogo VALUES(48, 2021-10-20, '21:00:00', NULL, NULL, 3, 8);
INSERT INTO Jogo VALUES(49, 2021-10-20, '21:00:00', 'UD Oliveirense', 'AD Valongo', 10, 11);
INSERT INTO Jogo VALUES(50, 2021-10-20,'21:00:00', 'HC Braga', 'AD Sanjoanense', 2, 9);

INSERT INTO Jogo VALUES(51, 2021-10-27, '21:00:00', 'CD Paço de Arcos', 'AD Sanjoanense', 12, 2);
INSERT INTO Jogo VALUES(52, 2021-10-23, '17:00:00', 'Sporting', 'SC Marinhense', 7, 6);
INSERT INTO Jogo VALUES(53, 2021-10-23, '21:00:00', 'Parede FC', 'HC Turquel', 13, 14);
INSERT INTO Jogo VALUES(54, 2021-10-25, '20:00:00', 'Benfica', 'OC Barcelos', 5, 4);
INSERT INTO Jogo VALUES(55, 2021-10-26, '21:00:00', 'FC Porto', 'Juventude de Viana', 8, 1);
INSERT INTO Jogo VALUES(56, 2022-01-22, '18:30:00', 'AD Valongo', 'SC Tomar', 11, 3);
INSERT INTO Jogo VALUES(57, 2021-10-23, '17:00:00', 'UD Oliveirense', 'HC Braga', 9, 10);

INSERT INTO Jogo VALUES(58, 2021-11-28, '15:00:00', 'Sporting', 'CD Paço de Arcos', 12, 6);
INSERT INTO Jogo VALUES(59, 2022-01-19, '21:00:00', NULL, NULL, 7, 13);
INSERT INTO Jogo VALUES(60, 2021-11-27, '21:00:00', 'Benfica', 'HC Turquel', 14, 5);
INSERT INTO Jogo VALUES(61, 2021-11-27, '21:00:00', 'OC Barcelos', 'Juventude de Viana', 4, 8);
INSERT INTO Jogo VALUES(62, 2021-11-28, '15:00:00', 'FC Porto', 'AD Valongo', 1, 11);
INSERT INTO Jogo VALUES(63, 2021-11-27, '18:00:00', 'SC Tomar', 'HC Braga', 3, 9);
INSERT INTO Jogo VALUES(64, 2021-11-27, '18:00:00', 'UD Oliveirense', 'AD Sanjoanense', 2, 10);

INSERT INTO Jogo VALUES(65, 2021-12-01, '18:00:00', 'Sporting', 'AD Sanjoanense', 2, 6);
INSERT INTO Jogo VALUES(66, 2021-12-01, '21:00:00', 'CD Paço de Arcos', 'Parede FC', 13, 12);
INSERT INTO Jogo VALUES(67, 2021-12-16, '21:00:00', 'Benfica', 'SC Marinhense', 5, 7);
INSERT INTO Jogo VALUES(68, 2021-12-01, '18:00:00', 'Juventude de Viana', 'HC Turquel', 8, 14);
INSERT INTO Jogo VALUES(69, 2021-12-01, '18:30:00', 'OC Barcelos', 'AD Valongo', 11, 4);
INSERT INTO Jogo VALUES(70, 2021-12-01, '17:00:00', 'HC Braga', 'FC Porto', 9, 1);
INSERT INTO Jogo VALUES(71, 2021-12-01, '15:00:00', 'UD Oliveirense', 'SC Tomar', 10, 3);

INSERT INTO Jogo VALUES(72, 2021-12-04, '21:00:00', 'Sporting', 'Parede FC', 13, 6);
INSERT INTO Jogo VALUES(73, 2021-12-04, '18:00:00', 'Benfica', 'CD Paço de Arcos', 12, 5);
INSERT INTO Jogo VALUES(74, 2021-12-04, '17:00:00', 'SC Marinhense', 'Juventude de Viana', 7, 8);
INSERT INTO Jogo VALUES(75, 2021-12-04, '21:00:00', 'AD Valongo', 'HC Turquel', 14, 11);
INSERT INTO Jogo VALUES(76, 2021-12-04, '21:00:00', 'OC Barcelos', 'HC Braga', 4, 9);
INSERT INTO Jogo VALUES(77, 2021-12-04, '15:00:00', 'FC Porto', 'UD Oliveirense', 1, 10);
INSERT INTO Jogo VALUES(78, 2021-12-04, '18:00:00', 'SC Tomar', 'AD Sanjoanense', 2, 3);

INSERT INTO Jogo VALUES(79, 2021-12-08, '18:00:00', 'AD Sanjoanense', 'Parede FC', 2, 13);
INSERT INTO Jogo VALUES(80, 2021-12-09, '20:00:00', 'Benfica', 'Sporting', 5, 6);
INSERT INTO Jogo VALUES(81, 2021-12-08, '18:00:00', 'CD Paço Arcos', 'Juventude de Viana', 8, 12);
INSERT INTO Jogo VALUES(82, 2021-12-08, '18:30:00', 'AD Valongo', 'SC Marinhense', 11, 7);
INSERT INTO Jogo VALUES(83, 2021-12-08, '17:00:00', 'HC Braga', 'HC Turquel', 9, 14);
INSERT INTO Jogo VALUES(84, 2021-12-08, '18:00:00', 'UD Oliveirense', 'OC Barcelos', 10, 4);
INSERT INTO Jogo VALUES(85, 2021-12-08, '18:00:00', NULL, NULL, 3, 1);

INSERT INTO Jogo VALUES(86, 2021-12-12, '15:00:00', 'Benfica', 'Parede FC', 13, 5);
INSERT INTO Jogo VALUES(87, 2022-01-19, '19:00:00', 'Sporting', 'Juventude de Viana', 6, 8);
INSERT INTO Jogo VALUES(88, 2021-12-15, '21:00:00', 'CD Paço de Arcos', 'AD Valongo', 12, 11);
INSERT INTO Jogo VALUES(89, 2021-12-11, '17:00:00', 'HC Braga', 'SC Marinhense', 7, 9);
INSERT INTO Jogo VALUES(90, 2021-12-11, '21:00:00', 'UD Oliveirense', 'HC Turquel', 14, 10);
INSERT INTO Jogo VALUES(91, 2021-12-15, '21:00:00', 'OC Barcelos', 'SC Tomar', 4, 3);
INSERT INTO Jogo VALUES(92, 2021-12-11, '17:00:00', 'FC Porto', 'AD Sanjoanense', 1, 2);

INSERT INTO Jogo VALUES(93, 2022-01-09, '15:00:00', 'OC Barcelos', 'FC Porto', 4, 1);
INSERT INTO Jogo VALUES(94, 2022-03-15, '21:00:00', 'SC Tomar', 'HC Turquel', 14, 3);
INSERT INTO Jogo VALUES(95, 2022-02-19, '17:00:00', 'UD Oliveirense', 'SC Marinhense', 7, 10);
INSERT INTO Jogo VALUES(96, 2022-01-26, '21:00:00', 'CD Paço de Arcos', 'HC Braga', 12, 9);
INSERT INTO Jogo VALUES(97, 2022-01-08, '21:00:00', 'Sporting', 'AD Valongo', 6, 11);
INSERT INTO Jogo VALUES(98, 2022-01-08, '18:00:00', 'Parede FC', 'Juventude de Viana', 13, 8);
INSERT INTO Jogo VALUES(99, 2022-01-20, '21:00:00', NULL, NULL, 2, 5);

INSERT INTO Jogo VALUES(100, 2022-01-15, '18:00:00', 'OC Barcelos', 'AD Sanjoanense', 2, 4);
INSERT INTO Jogo VALUES(101, 2022-01-15, '18:00:00', 'FC Porto', 'HC Turquel', 1, 14);
INSERT INTO Jogo VALUES(102, 2022-01-15, '18:00:00', 'SC Tomar', 'SC Marinhense', 3, 7);
INSERT INTO Jogo VALUES(103, 2022-01-15, '18:00:00', 'UD Oliveirense', 'CD Paço de Arcos', 10, 12);
INSERT INTO Jogo VALUES(104, 2022-01-15, '17:00:00', NULL, NULL, 9, 6);
INSERT INTO Jogo VALUES(105, 2022-01-15, '18:30:00', 'AD Valongo', 'Parede FC', 11, 13);
INSERT INTO Jogo VALUES(106, 2022-01-16, '18:00:00', 'Benfica', 'Juventude de Viana', 8, 5);

INSERT INTO Jogo VALUES(107, 2022-01-29, '15:00:00', 'HC Turquel', 'OC Barcelos', 14, 4);
INSERT INTO Jogo VALUES(108, 2022-01-29, '15:30:00', 'FC Porto', 'SC Marinhense', 7, 1);
INSERT INTO Jogo VALUES(109, 2022-02-02, '21:00:00', 'SC Tomar', 'CD Paço de Arcos', 12, 3);
INSERT INTO Jogo VALUES(110, 2022-01-29, '15:00:00', 'Sporting', 'UD Oliveirense', 6, 10);
INSERT INTO Jogo VALUES(111, 2022-01-29, '21:00:00', 'HC Braga', 'Parede FC', 13, 9);
INSERT INTO Jogo VALUES(112, 2022-02-23, '18:00:00', 'Benfica', 'AD Valongo', 5, 11);
INSERT INTO Jogo VALUES(113, 2022-02-02, '21:00:00', 'AD Sanjoanense', 'Juventude de Viana', 8, 2);

INSERT INTO Jogo VALUES(114, 2022-02-19, '18:00:00', 'AD Sanjoanense', 'HC Turquel', 2, 14);
INSERT INTO Jogo VALUES(115, 2022-02-05, '21:00:00', 'OC Barcelos', 'SC Marinhense', 4, 7);
INSERT INTO Jogo VALUES(116, 2022-02-05, '15:00:00', 'FC Porto', 'CD Paço de Arcos', 1, 12);
INSERT INTO Jogo VALUES(117, 2022-02-06, '15:00:00', 'Sporting', 'SC Tomar', 3, 6);
INSERT INTO Jogo VALUES(118, 2022-02-05, '18:00:00', 'UD Oliveirense', 'Parede FC', 10, 13);
INSERT INTO Jogo VALUES(119, 2022-03-16, '20:30:00', 'HC Braga', 'Benfica', 9, 5);
INSERT INTO Jogo VALUES(120, 2022-02-09, '21:00:00', 'AD Valongo', 'Juventude de Viana', 11, 8);

INSERT INTO Jogo VALUES(121, 2022-03-12, '17:00:00', NULL, NULL, 7, 14);
INSERT INTO Jogo VALUES(122, 2022-02-12, '18:00:00', 'OC Barcelos', 'CD Paço de Arcos', 12, 4);
INSERT INTO Jogo VALUES(123, 2022-02-12, '15:00:00', 'FC Porto', 'Sporting', 6, 1);
INSERT INTO Jogo VALUES(124, 2022-02-16, '21:00:00', 'SC Tomar', 'Parede FC', 13, 3);
INSERT INTO Jogo VALUES(125, 2022-02-12, '20:00:00', 'Benfica', 'UD Oliveirense', 5, 10);
INSERT INTO Jogo VALUES(126, 2022-02-16, '21:00:00', NULL, NULL, 8, 9);
INSERT INTO Jogo VALUES(127, 2022-02-12, '20:00:00', 'AD Valongo', 'AD Sanjoanense', 11, 2);

INSERT INTO Jogo VALUES(128, 2022-02-26, '18:00:00', 'AD Sanjoanense', 'SC Marinhense', 2, 7);
INSERT INTO Jogo VALUES(129, 2022-02-26, '21:00:00', NULL, NULL, 14, 12);
INSERT INTO Jogo VALUES(130, 2022-02-27, '15:00:00', 'OC Barcelos', 'Sporting', 4, 6);
INSERT INTO Jogo VALUES(131, 2022-02-26, '18:00:00', 'FC Porto', 'Parede FC', 1, 13);
INSERT INTO Jogo VALUES(132, 2022-02-26, '18:00:00', 'Benfica', 'SC Tomar', 3, 5);
INSERT INTO Jogo VALUES(133, 2022-02-26, '18:00:00', 'Juventude de Viana', 'UD Oliveirense', 10, 8);
INSERT INTO Jogo VALUES(134, 2022-02-26, '17:00:00', 'AD Valongo', 'HC Braga', 9, 11);

INSERT INTO Jogo VALUES(135, 2022-03-05, '18:00:00', 'CD Paço de Arcos', 'SC Marinhense', 12, 7);
INSERT INTO Jogo VALUES(136, 2022-03-06, '18:00:00', 'Sporting', 'HC Turquel', 6, 14);
INSERT INTO Jogo VALUES(137, 2022-03-05, '21:00:00', 'OC Barcelos', 'Parede FC', 13, 4);
INSERT INTO Jogo VALUES(138, 2022-03-06, '15:00:00', 'Benfica', 'FC Porto', 5, 1);
INSERT INTO Jogo VALUES(139, 2022-03-09, '21:00:00', 'Juventude de Viana', 'SC Tomar', 8, 3);
INSERT INTO Jogo VALUES(140, 2022-03-05, '18:30:00', 'UD Oliveirense', 'AD Valongo', 11, 10);
INSERT INTO Jogo VALUES(141, 2022-03-09, '21:00:00', 'HC Braga', 'AD Sanjoanense', 9, 2);

INSERT INTO Jogo VALUES(142, 2022-03-19, '18:00:00', 'AD Sanjoanense', 'CD Paço de Arcos', 2, 12);
INSERT INTO Jogo VALUES(143, 2022-03-19, '15:00:00', 'Sporting', 'SC Marinhense', 6, 7);
INSERT INTO Jogo VALUES(144, 2022-03-19, '21:00:00', 'HC Turquel', 'Parede FC', 14, 13);
INSERT INTO Jogo VALUES(145, 2022-03-20, '21:00:00', NULL, NULL, 4, 5);
INSERT INTO Jogo VALUES(146, 2022-03-19, '15:00:00', 'FC Porto', 'Juventude de Viana', 1, 8);
INSERT INTO Jogo VALUES(147, 2022-04-15, '17:00:00', 'SC Tomar', 'AD Valongo', 3, 11);
INSERT INTO Jogo VALUES(148, 2022-03-19, '18:00:00', 'HC Braga', 'UD Oliveirense', 10, 9);

INSERT INTO Jogo VALUES(149, 2022-03-27, '15:00:00', 'Sporting', 'CD Paço de Arcos', 6, 12);
INSERT INTO Jogo VALUES(150, 2022-03-26, '21:00:00', NULL, NULL, 13, 7);
INSERT INTO Jogo VALUES(151, 2022-03-27, '18:00:00', 'Benfica', 'HC Turquel', 5, 14);
INSERT INTO Jogo VALUES(152, 2022-03-30, '21:00:00', 'OC Barcelos', 'Juventude de Viana', 8, 4);
INSERT INTO Jogo VALUES(153, 2022-03-23, '20:30:00', 'AD Valongo', 'AD Valongo', 11, 1);
INSERT INTO Jogo VALUES(154, 2022-04-27, '21:00:00', 'HC Braga', 'SC Tomar', 9, 3);
INSERT INTO Jogo VALUES(155, 2022-03-26, '18:00:00', 'UD Oliveirense', 'AD Sanjoanense', 10, 2);

INSERT INTO Jogo VALUES(156, 2022-04-02, '15:00:00', 'Sporting', 'AD Sanjoanense', 6, 2);
INSERT INTO Jogo VALUES(157, 2022-04-02, '18:00:00', NULL, NULL, 12, 13);
INSERT INTO Jogo VALUES(158, 2022-04-03, '15:00:00', 'Benfica', 'SC Marinhense', 7, 5);
INSERT INTO Jogo VALUES(159, 2022-04-02, '21:00:00', 'Juventude de Viana', 'HC Turquel', 14, 8);
INSERT INTO Jogo VALUES(160, 2022-04-02, '21:00:00', 'AD Valongo', 'OC Barcelos', 4, 11);
INSERT INTO Jogo VALUES(161, 2022-04-02, '14:00:00', 'FC Porto', 'HC Braga', 1, 9);
INSERT INTO Jogo VALUES(162, 2022-04-02, '18:00:00', 'UD Oliveirense', 'SC Tomar', 3, 10);

INSERT INTO Jogo VALUES(163, 2022-04-24, '15:00:00', 'Sporting', 'Parede FC', 6, 13);
INSERT INTO Jogo VALUES(164, 2022-04-23, '16:30:00', 'Benfica', 'CD Paço de Arcos', 5, 12);
INSERT INTO Jogo VALUES(165, 2022-04-23, '18:00:00', 'Juventude de Viana', 'SC Marinhense', 8, 7);
INSERT INTO Jogo VALUES(166, 2022-04-23, '18:30:00', 'HC Turquel', 'AD Valongo', 14, 11);
INSERT INTO Jogo VALUES(167, 2022-04-23, '21:00:00', 'OC Barcelos', 'HC Braga', 9, 4);
INSERT INTO Jogo VALUES(168, 2022-04-24, '15:00:00', 'FC Porto', 'UD Oliveirense', 10, 1);
INSERT INTO Jogo VALUES(169, 2022-04-23, '18:00:00', 'SC Tomar', 'AD Sanjoanense', 3, 2);

INSERT INTO Jogo VALUES(170, 2022-04-30, '21:00:00', 'Parede FC', 'AD Sanjoanense', 13, 2);
INSERT INTO Jogo VALUES(171, 2022-05-01, '17:30:00', 'Sporting', 'Benfica', 6, 5);
INSERT INTO Jogo VALUES(172, 2022-04-30, '18:00:00', 'Juventude de Viana', 'CD Paço de Arcos', 12, 8);
INSERT INTO Jogo VALUES(173, 2022-04-30, '17:00:00', 'SC Marinhense', 'AD Valongo', 7, 11);
INSERT INTO Jogo VALUES(174, 2022-04-30, '21:00:00', 'HC Braga', 'HC Turquel', 14, 9);
INSERT INTO Jogo VALUES(175, 2022-04-30, '21:00:00', 'UD Oliveirense', 'OC Barcelos', 4, 10);
INSERT INTO Jogo VALUES(176, 2022-05-01, '15:00:00', 'FC Porto', 'SC Tomar', 1, 3);

INSERT INTO Jogo VALUES(177, 2022-05-07, '18:00:00', 'Benfica', 'Parede FC', 5, 13);
INSERT INTO Jogo VALUES(178, 2022-05-07, '18:00:00', 'Sporting', 'Juventude de Viana', 8, 6);
INSERT INTO Jogo VALUES(179, 2022-05-07, '18:00:00', 'AD Valongo', 'CD Paço de Arcos', 11, 12);
INSERT INTO Jogo VALUES(180, 2022-05-07, '18:00:00', 'HC Braga', 'SC Marinhense', 9, 7);
INSERT INTO Jogo VALUES(181, 2022-05-07, '18:00:00', 'UD Oliveirense', 'HC Turquel', 10, 14);
INSERT INTO Jogo VALUES(182, 2022-05-07, '18:00:00', 'OC Barcelos', 'SC Tomar', 3, 4);
INSERT INTO Jogo VALUES(183, 2022-05-07, '18:00:00', 'FC Porto', 'AD Sanjoanense', 2, 1);

--JornadaJogo
INSERT INTO JornadaJogo VALUES(1, 2);
INSERT INTO JornadaJogo VALUES(1, 3);
INSERT INTO JornadaJogo VALUES(1, 4);
INSERT INTO JornadaJogo VALUES(1, 5);
INSERT INTO JornadaJogo VALUES(1, 6);
INSERT INTO JornadaJogo VALUES(1, 7);
INSERT INTO JornadaJogo VALUES(1, 8);

INSERT INTO JornadaJogo VALUES(2, 9);
INSERT INTO JornadaJogo VALUES(2, 10);
INSERT INTO JornadaJogo VALUES(2, 11);
INSERT INTO JornadaJogo VALUES(2, 12);
INSERT INTO JornadaJogo VALUES(2, 13);
INSERT INTO JornadaJogo VALUES(2, 14);
INSERT INTO JornadaJogo VALUES(2, 15);

INSERT INTO JornadaJogo VALUES(3, 16);
INSERT INTO JornadaJogo VALUES(3, 17);
INSERT INTO JornadaJogo VALUES(3, 18);
INSERT INTO JornadaJogo VALUES(3, 19);
INSERT INTO JornadaJogo VALUES(3, 20);
INSERT INTO JornadaJogo VALUES(3, 21);
INSERT INTO JornadaJogo VALUES(3, 22);

INSERT INTO JornadaJogo VALUES(4, 23);
INSERT INTO JornadaJogo VALUES(4, 24);
INSERT INTO JornadaJogo VALUES(4, 25);
INSERT INTO JornadaJogo VALUES(4, 26);
INSERT INTO JornadaJogo VALUES(4, 27);
INSERT INTO JornadaJogo VALUES(4, 28);
INSERT INTO JornadaJogo VALUES(4, 29);

INSERT INTO JornadaJogo VALUES(5, 30);
INSERT INTO JornadaJogo VALUES(5, 31);
INSERT INTO JornadaJogo VALUES(5, 32);
INSERT INTO JornadaJogo VALUES(5, 33);
INSERT INTO JornadaJogo VALUES(5, 34);
INSERT INTO JornadaJogo VALUES(5, 35);
INSERT INTO JornadaJogo VALUES(5, 36);

INSERT INTO JornadaJogo VALUES(6, 37);
INSERT INTO JornadaJogo VALUES(6, 38);
INSERT INTO JornadaJogo VALUES(6, 39);
INSERT INTO JornadaJogo VALUES(6, 40);
INSERT INTO JornadaJogo VALUES(6, 41);
INSERT INTO JornadaJogo VALUES(6, 42);
INSERT INTO JornadaJogo VALUES(6, 43);

INSERT INTO JornadaJogo VALUES(7, 44);
INSERT INTO JornadaJogo VALUES(7, 45);
INSERT INTO JornadaJogo VALUES(7, 46);
INSERT INTO JornadaJogo VALUES(7, 47);
INSERT INTO JornadaJogo VALUES(7, 48);
INSERT INTO JornadaJogo VALUES(7, 49);
INSERT INTO JornadaJogo VALUES(7, 50);

INSERT INTO JornadaJogo VALUES(8, 51);
INSERT INTO JornadaJogo VALUES(8, 52);
INSERT INTO JornadaJogo VALUES(8, 53);
INSERT INTO JornadaJogo VALUES(8, 54);
INSERT INTO JornadaJogo VALUES(8, 55);
INSERT INTO JornadaJogo VALUES(8, 56);
INSERT INTO JornadaJogo VALUES(8, 57);

INSERT INTO JornadaJogo VALUES(9, 58);
INSERT INTO JornadaJogo VALUES(9, 59);
INSERT INTO JornadaJogo VALUES(9, 60);
INSERT INTO JornadaJogo VALUES(9, 61);
INSERT INTO JornadaJogo VALUES(9, 62);
INSERT INTO JornadaJogo VALUES(9, 63);
INSERT INTO JornadaJogo VALUES(9, 64);

INSERT INTO JornadaJogo VALUES(10, 65);
INSERT INTO JornadaJogo VALUES(10, 66);
INSERT INTO JornadaJogo VALUES(10, 67);
INSERT INTO JornadaJogo VALUES(10, 68);
INSERT INTO JornadaJogo VALUES(10, 69);
INSERT INTO JornadaJogo VALUES(10, 70);
INSERT INTO JornadaJogo VALUES(10, 71);

INSERT INTO JornadaJogo VALUES(11, 72);
INSERT INTO JornadaJogo VALUES(11, 73);
INSERT INTO JornadaJogo VALUES(11, 74);
INSERT INTO JornadaJogo VALUES(11, 75);
INSERT INTO JornadaJogo VALUES(11, 76);
INSERT INTO JornadaJogo VALUES(11, 77);
INSERT INTO JornadaJogo VALUES(11, 78);

INSERT INTO JornadaJogo VALUES(12, 79);
INSERT INTO JornadaJogo VALUES(12, 80);
INSERT INTO JornadaJogo VALUES(12, 81);
INSERT INTO JornadaJogo VALUES(12, 82);
INSERT INTO JornadaJogo VALUES(12, 83);
INSERT INTO JornadaJogo VALUES(12, 84);
INSERT INTO JornadaJogo VALUES(12, 85);

INSERT INTO JornadaJogo VALUES(13, 86);
INSERT INTO JornadaJogo VALUES(13, 87);
INSERT INTO JornadaJogo VALUES(13, 88);
INSERT INTO JornadaJogo VALUES(13, 89);
INSERT INTO JornadaJogo VALUES(13, 90);
INSERT INTO JornadaJogo VALUES(13, 91);
INSERT INTO JornadaJogo VALUES(13, 92);

INSERT INTO JornadaJogo VALUES(14, 93);
INSERT INTO JornadaJogo VALUES(14, 94);
INSERT INTO JornadaJogo VALUES(14, 95);
INSERT INTO JornadaJogo VALUES(14, 96);
INSERT INTO JornadaJogo VALUES(14, 97);
INSERT INTO JornadaJogo VALUES(14, 98);
INSERT INTO JornadaJogo VALUES(14, 99);

INSERT INTO JornadaJogo VALUES(15, 100);
INSERT INTO JornadaJogo VALUES(15, 101);
INSERT INTO JornadaJogo VALUES(15, 102);
INSERT INTO JornadaJogo VALUES(15, 103);
INSERT INTO JornadaJogo VALUES(15, 104);
INSERT INTO JornadaJogo VALUES(15, 105);
INSERT INTO JornadaJogo VALUES(15, 106);

INSERT INTO JornadaJogo VALUES(16, 107);
INSERT INTO JornadaJogo VALUES(16, 108);
INSERT INTO JornadaJogo VALUES(16, 109);
INSERT INTO JornadaJogo VALUES(16, 110);
INSERT INTO JornadaJogo VALUES(16, 111);
INSERT INTO JornadaJogo VALUES(16, 112);
INSERT INTO JornadaJogo VALUES(16, 113);

INSERT INTO JornadaJogo VALUES(17, 114);
INSERT INTO JornadaJogo VALUES(17, 115);
INSERT INTO JornadaJogo VALUES(17, 116);
INSERT INTO JornadaJogo VALUES(17, 117);
INSERT INTO JornadaJogo VALUES(17, 118);
INSERT INTO JornadaJogo VALUES(17, 119);
INSERT INTO JornadaJogo VALUES(17, 120);

INSERT INTO JornadaJogo VALUES(18, 121);
INSERT INTO JornadaJogo VALUES(18, 122);
INSERT INTO JornadaJogo VALUES(18, 123);
INSERT INTO JornadaJogo VALUES(18, 124);
INSERT INTO JornadaJogo VALUES(18, 125);
INSERT INTO JornadaJogo VALUES(18, 126);
INSERT INTO JornadaJogo VALUES(18, 127);

INSERT INTO JornadaJogo VALUES(19, 128);
INSERT INTO JornadaJogo VALUES(19, 129);
INSERT INTO JornadaJogo VALUES(19, 130);
INSERT INTO JornadaJogo VALUES(19, 131);
INSERT INTO JornadaJogo VALUES(19, 132);
INSERT INTO JornadaJogo VALUES(19, 133);
INSERT INTO JornadaJogo VALUES(19, 134);

INSERT INTO JornadaJogo VALUES(20, 135);
INSERT INTO JornadaJogo VALUES(20, 136);
INSERT INTO JornadaJogo VALUES(20, 137);
INSERT INTO JornadaJogo VALUES(20, 138);
INSERT INTO JornadaJogo VALUES(20, 139);
INSERT INTO JornadaJogo VALUES(20, 140);
INSERT INTO JornadaJogo VALUES(20, 141);

INSERT INTO JornadaJogo VALUES(21, 142);
INSERT INTO JornadaJogo VALUES(21, 143);
INSERT INTO JornadaJogo VALUES(21, 144);
INSERT INTO JornadaJogo VALUES(21, 145);
INSERT INTO JornadaJogo VALUES(21, 146);
INSERT INTO JornadaJogo VALUES(21, 147);
INSERT INTO JornadaJogo VALUES(21, 148);

INSERT INTO JornadaJogo VALUES(22, 149);
INSERT INTO JornadaJogo VALUES(22, 150);
INSERT INTO JornadaJogo VALUES(22, 151);
INSERT INTO JornadaJogo VALUES(22, 152);
INSERT INTO JornadaJogo VALUES(22, 153);
INSERT INTO JornadaJogo VALUES(22, 154);
INSERT INTO JornadaJogo VALUES(22, 155);

INSERT INTO JornadaJogo VALUES(23, 156);
INSERT INTO JornadaJogo VALUES(23, 157);
INSERT INTO JornadaJogo VALUES(23, 158);
INSERT INTO JornadaJogo VALUES(23, 159);
INSERT INTO JornadaJogo VALUES(23, 160);
INSERT INTO JornadaJogo VALUES(23, 161);
INSERT INTO JornadaJogo VALUES(23, 162);

INSERT INTO JornadaJogo VALUES(24, 163);
INSERT INTO JornadaJogo VALUES(24, 164);
INSERT INTO JornadaJogo VALUES(24, 165);
INSERT INTO JornadaJogo VALUES(24, 166);
INSERT INTO JornadaJogo VALUES(24, 167);
INSERT INTO JornadaJogo VALUES(24, 168);
INSERT INTO JornadaJogo VALUES(24, 169);

INSERT INTO JornadaJogo VALUES(25, 170);
INSERT INTO JornadaJogo VALUES(25, 171);
INSERT INTO JornadaJogo VALUES(25, 172);
INSERT INTO JornadaJogo VALUES(25, 173);
INSERT INTO JornadaJogo VALUES(25, 174);
INSERT INTO JornadaJogo VALUES(25, 175);
INSERT INTO JornadaJogo VALUES(25, 176);

INSERT INTO JornadaJogo VALUES(26, 177);
INSERT INTO JornadaJogo VALUES(26, 178);
INSERT INTO JornadaJogo VALUES(26, 179);
INSERT INTO JornadaJogo VALUES(26, 180);
INSERT INTO JornadaJogo VALUES(26, 181);
INSERT INTO JornadaJogo VALUES(26, 182);
INSERT INTO JornadaJogo VALUES(26, 183);

--Jogador
INSERT INTO Jogador VALUES(1, 'ALVARO MORAIS', NULL, 74, NULL, 4);
INSERT INTO Jogador VALUES(2, 'ANDRÉ CENTENO', NULL, 22, NULL, 4);
INSERT INTO Jogador VALUES(3, 'DANILO RAMPULLLA', NULL, 10, NULL, 4);
INSERT INTO Jogador VALUES(4, 'LUÍS QUERIDO', NULL, 19, NULL, 4);
INSERT INTO Jogador VALUES(5, 'CARLO DI BENEDETTO', NULL, 19, NULL, 1);
INSERT INTO Jogador VALUES(6, 'GONÇALO ALVES', NULL, 77, NULL, 1);
INSERT INTO Jogador VALUES(7, 'REINALDO GARCIA', NULL, 57, NULL, 1);
INSERT INTO Jogador VALUES(11, 'FILIPE ALMEIDA', NULL, 18, NULL, 3);
INSERT INTO Jogador VALUES(12, 'VASCO LUIS', NULL, 9, NULL, 14);
INSERT INTO Jogador VALUES(13, 'RICARDO OLIVEIRA', NULL, 8, NULL, 3);
INSERT INTO Jogador VALUES(14, 'FEDERICO BALMACEDA', NULL, 57, NULL, 14);
INSERT INTO Jogador VALUES(15, 'ANDRÉ PIMENTA', NULL, 24, NULL, 14);
INSERT INTO Jogador VALUES(16, 'RÚBEN SOUSA', NULL, 66, NULL, 3);
INSERT INTO Jogador VALUES(20, 'JORGE SILVA', NULL, 15, NULL, 10);
INSERT INTO Jogador VALUES(21, 'NUNO ARAÚJO', NULL, 4, NULL, 10);
INSERT INTO Jogador VALUES(22, 'LUCAS MARTINEZ', NULL, 27, NULL, 10);
INSERT INTO Jogador VALUES(23, 'LUIS SILVA', NULL, 87, NULL, 7);
INSERT INTO Jogador VALUES(24, 'MARC SAYO', NULL, 8, NULL, 10);
INSERT INTO Jogador VALUES(25, 'NICOLÁS CARMONA', NULL, 9, NULL, 7);
INSERT INTO Jogador VALUES(26, 'ALEXANDRE MARQUES', NULL, 79, NULL, 10);
INSERT INTO Jogador VALUES(30, 'FILIPE FERNANDES', NULL, 9, NULL, 12);
INSERT INTO Jogador VALUES(31, 'ANDRE FERREIRA', NULL, 3, NULL, 12);
INSERT INTO Jogador VALUES(32, 'PEDRO MENDES', NULL, 49, NULL, 9);
INSERT INTO Jogador VALUES(33, 'DIOGO SEIXAS', NULL, 8, NULL, 9);
INSERT INTO Jogador VALUES(34, 'RICARDO BARREIROS', NULL, 7, NULL, 12);
INSERT INTO Jogador VALUES(35, 'ANTONIO TRABULO', NULL, 4, NULL, 9);
INSERT INTO Jogador VALUES(36, 'MIGUEL MOURA', NULL, 5, NULL, 9);
INSERT INTO Jogador VALUES(37, 'VITOR PINTO', NULL, 28, NULL, 9);
INSERT INTO Jogador VALUES(38, 'JOÃO SARDO', NULL, 5, NULL, 12);
INSERT INTO Jogador VALUES(42, 'GONÇALO NUNES', NULL, 33, NULL, 6);
INSERT INTO Jogador VALUES(43, 'FRANCISCO SILVA', NULL, 6, NULL, 11);
INSERT INTO Jogador VALUES(45, 'FERRAN FONT', NULL, 9, NULL, 6);
INSERT INTO Jogador VALUES(46, 'JOÃO SOUTO', NULL, 44, NULL, 6);
INSERT INTO Jogador VALUES(47, 'FRANCISCO SILVA', NULL, 6, NULL, 11);
INSERT INTO Jogador VALUES(48, 'MIGUEL VIEIRA', NULL, 74, NULL, 11);
INSERT INTO Jogador VALUES(49, 'MATIAS PLATERO', NULL, 17, NULL, 6);
INSERT INTO Jogador VALUES(50, 'GONZALO ROMERO', NULL, 99, NULL, 6);
INSERT INTO Jogador VALUES(51, 'FACUNDO BRIDGE', NULL, 33, NULL, 11);
INSERT INTO Jogador VALUES(55, 'RICARDO MACHADO', NULL, 74, NULL, 13);
INSERT INTO Jogador VALUES(56, 'PEDRO DELGADO', NULL, 73, NULL, 8);
INSERT INTO Jogador VALUES(57, 'DIOGO CARDOSO', NULL, 77, NULL, 8);
INSERT INTO Jogador VALUES(58, 'MANUEL COIMBRA', NULL, 55, NULL, 13);
INSERT INTO Jogador VALUES(59, 'RICARDO LOPES', NULL, 75, NULL, 13);
INSERT INTO Jogador VALUES(60, 'JOÃO PEDRO', NULL, 8, NULL, 8);
INSERT INTO Jogador VALUES(61, 'REMI HERMAN', NULL, 4, NULL, 8);
INSERT INTO Jogador VALUES(62, 'JOÃO ALVES', NULL, 7, NULL, 13);
INSERT INTO Jogador VALUES(63, 'BERNARDO PINTO', NULL, 5, NULL, 13);
INSERT INTO Jogador VALUES(67, 'LUCAS ORDONEZ', NULL, 9, NULL, 5);
INSERT INTO Jogador VALUES(68, 'GONÇALO PINTO', NULL, 71, NULL, 5);
INSERT INTO Jogador VALUES(69, 'PABLO ALVAREZ', NULL, 7, NULL, 5);
INSERT INTO Jogador VALUES(70, 'TIAGO ALMEIDA', NULL, 4, NULL, 2);
INSERT INTO Jogador VALUES(71, 'EDUARD LAMAS', NULL, 6, NULL, 5);
INSERT INTO Jogador VALUES(72, 'CARLOS NICOLIA', NULL, 5, NULL, 5);
INSERT INTO Jogador VALUES(73, 'DIOGO RAFAEL', NULL, 4, NULL, 5);
INSERT INTO Jogador VALUES(74, 'POL MANRUBIA', NULL, 10, NULL, 5);
INSERT INTO Jogador VALUES(75, 'RAFAEL LOURENÇO', NULL, 47, NULL, 2);

--Arbitro
INSERT INTO Arbitro VALUES(8, 'MIGUEL GUILHERME', NULL, 1);
INSERT INTO Arbitro VALUES(17, 'JOAO CATRAPONA', NULL, 1);
INSERT INTO Arbitro VALUES(27, 'PEDRO FIGUEIREDO', NULL, 1);
INSERT INTO Arbitro VALUES(39, 'SILVIA COELHO', NULL, 1);
INSERT INTO Arbitro VALUES(52, 'PAULO ALMEIDA', NULL, 1);
INSERT INTO Arbitro VALUES(64, 'ANTONIO SANTOS', NULL, 1);
INSERT INTO Arbitro VALUES(76, 'PAULO CARVALHO', NULL, 1);

--Treinador
INSERT INTO Treinador VALUES(9, 'RICARDO LOZANO', NULL, NULL, 1);
INSERT INTO Treinador VALUES(10, 'RUI NETO', NULL, NULL, 4);
INSERT INTO Treinador VALUES(18, 'NUNO LOPES', NULL, NULL, 3);
INSERT INTO Treinador VALUES(19, 'JOAO SIMOES', NULL, NULL, 14);
INSERT INTO Treinador VALUES(28, 'PAULO PEREIRA', NULL, NULL, 10);
INSERT INTO Treinador VALUES(29, 'NUNO DOMINGUES', NULL, NULL, 7);
INSERT INTO Treinador VALUES(40, 'ANTONIO NEVES', NULL, NULL, 9);
INSERT INTO Treinador VALUES(41, 'ANDRE LUIS', NULL, NULL, 12);
INSERT INTO Treinador VALUES(53, 'EDO BOSCH', NULL, NULL, 11);
INSERT INTO Treinador VALUES(54, 'PAULO FREITAS', NULL, NULL, 6);
INSERT INTO Treinador VALUES(65, 'FLAVIO AZEVEDO', NULL, NULL, 8);
INSERT INTO Treinador VALUES(66, 'PEDRO GONÇALVES', NULL, NULL, 13);
INSERT INTO Treinador VALUES(77, 'NUNO RESENDE', NULL, NULL, 5);
INSERT INTO Treinador VALUES(78, 'VITOR PEREIRA', NULL, NULL, 2);

--Evento
INSERT INTO Evento VALUES(1, 23, 1, 2);
INSERT INTO Evento VALUES(2, 23, 1, 2);
INSERT INTO Evento VALUES(4, 20, 1, 2);
INSERT INTO Evento VALUES(5, 20, 1, 2);
INSERT INTO Evento VALUES(6, 18, 1, 2);
INSERT INTO Evento VALUES(7, 16, 1, 2);
INSERT INTO Evento VALUES(9, 15, 1, 2);
INSERT INTO Evento VALUES(10, 14, 1, 2);
INSERT INTO Evento VALUES(11, 14, 1, 2);
INSERT INTO Evento VALUES(14, 12, 1, 2);
INSERT INTO Evento VALUES(16, 12, 1, 2);
INSERT INTO Evento VALUES(17, 8, 1, 2);
INSERT INTO Evento VALUES(19, 8, 1, 2);
INSERT INTO Evento VALUES(20, 6, 1, 2);
INSERT INTO Evento VALUES(21, 5, 1, 2);
INSERT INTO Evento VALUES(22, 5, 1, 2);
INSERT INTO Evento VALUES(24, 5, 1, 2);
INSERT INTO Evento VALUES(25, 4, 1, 2);
INSERT INTO Evento VALUES(26, 4, 1, 2);
INSERT INTO Evento VALUES(27, 4, 1, 2);
INSERT INTO Evento VALUES(28, 4, 1, 2);
INSERT INTO Evento VALUES(30, 24, 2, 2);
INSERT INTO Evento VALUES(31, 23, 2, 2);
INSERT INTO Evento VALUES(35, 20, 2, 2);
INSERT INTO Evento VALUES(36, 18, 2, 2);
INSERT INTO Evento VALUES(37, 18, 2, 2);
INSERT INTO Evento VALUES(38, 17, 2, 2);
INSERT INTO Evento VALUES(40, 17, 2, 2);
INSERT INTO Evento VALUES(41, 16, 2, 2);
INSERT INTO Evento VALUES(42, 15, 2, 2);
INSERT INTO Evento VALUES(43, 15, 2, 2);
INSERT INTO Evento VALUES(44, 14, 2, 2);
INSERT INTO Evento VALUES(46, 14, 2, 2);
INSERT INTO Evento VALUES(47, 11, 2, 2);
INSERT INTO Evento VALUES(48, 10, 2, 2);
INSERT INTO Evento VALUES(49, 9, 2, 2);
INSERT INTO Evento VALUES(51, 8, 2, 2);
INSERT INTO Evento VALUES(54, 8, 2, 2);
INSERT INTO Evento VALUES(56, 5, 2, 2);
INSERT INTO Evento VALUES(58, 4, 2, 2);
INSERT INTO Evento VALUES(59, 2, 2, 2);
INSERT INTO Evento VALUES(60, 2, 2, 2);
INSERT INTO Evento VALUES(61, 2, 2, 2);
INSERT INTO Evento VALUES(62, 1, 2, 2);
INSERT INTO Evento VALUES(63, 1, 2, 2);
INSERT INTO Evento VALUES(65, 0, 2, 2);
INSERT INTO Evento VALUES(75,11, 2, 3);
INSERT INTO Evento VALUES(80, 22, 1, 4);
INSERT INTO Evento VALUES(90, 0, 1, 4);
INSERT INTO Evento VALUES(93, 16, 2, 4);
INSERT INTO Evento VALUES(99, 17, 1, 5);
INSERT INTO Evento VALUES(103, 7, 1, 5);
INSERT INTO Evento VALUES(105, 2, 1, 5);
INSERT INTO Evento VALUES(113, 17, 2, 5);
INSERT INTO Evento VALUES(114, 12, 2, 5);
INSERT INTO Evento VALUES(115, 12, 2, 5);
INSERT INTO Evento VALUES(116, 10, 2, 5);
INSERT INTO Evento VALUES(119, 6, 2, 5);
INSERT INTO Evento VALUES(120, 6, 2, 5);
INSERT INTO Evento VALUES(121, 5, 2, 5);
INSERT INTO Evento VALUES(122, 5, 2, 5);
INSERT INTO Evento VALUES(124, 1, 2, 5);
INSERT INTO Evento VALUES(127, 22, 1, 6);
INSERT INTO Evento VALUES(129, 7, 1, 6);
INSERT INTO Evento VALUES(133, 3, 1, 6);
INSERT INTO Evento VALUES(138, 17, 2, 6);
INSERT INTO Evento VALUES(142, 8, 2, 6);
INSERT INTO Evento VALUES(143, 8, 2, 6);
INSERT INTO Evento VALUES(151, 0, 2, 6);
INSERT INTO Evento VALUES(152, 0, 2, 6);
INSERT INTO Evento VALUES(153, 0, 2, 6);
INSERT INTO Evento VALUES(156, 13, 1, 7);
INSERT INTO Evento VALUES(163, 23, 2, 7);
INSERT INTO Evento VALUES(167, 13, 2, 7);
INSERT INTO Evento VALUES(169, 11, 2, 7);
INSERT INTO Evento VALUES(174, 9, 2, 7);
INSERT INTO Evento VALUES(175, 7, 2, 7);
INSERT INTO Evento VALUES(180, 1, 2, 7);
INSERT INTO Evento VALUES(185, 17, 1, 8);
INSERT INTO Evento VALUES(194, 20, 2, 8);
INSERT INTO Evento VALUES(203, 4, 2, 8);
INSERT INTO Evento VALUES(204, 1, 2, 8);

--Cartao
INSERT INTO Cartao VALUES(15, 12, 1, 'Azul', 2);
INSERT INTO Cartao VALUES(23, 5, 1, 'Azul', 2);
INSERT INTO Cartao VALUES(32, 23, 2, 'Azul', 2);
INSERT INTO Cartao VALUES(52, 8, 2, 'Azul', 2);
INSERT INTO Cartao VALUES(55, 5, 2, 'Azul', 2);
INSERT INTO Cartao VALUES(79, 22, 1, 'Azul', 4);
INSERT INTO Cartao VALUES(89, 0, 1, 'Azul', 4);
INSERT INTO Cartao VALUES(98, 17, 1, 'Azul', 5);
INSERT INTO Cartao VALUES(101, 16, 1, 'Azul', 5);
INSERT INTO Cartao VALUES(118, 6, 2, 'Azul', 5);
INSERT INTO Cartao VALUES(132, 3, 1, 'Azul', 6);
INSERT INTO Cartao VALUES(134, 0, 1, 'Vermelho', 6);
INSERT INTO Cartao VALUES(135, 0, 1, 'Vermelho', 6);
INSERT INTO Cartao VALUES(150, 0, 2, 'Azul', 6);
INSERT INTO Cartao VALUES(155, 13, 1, 'Azul', 7);
INSERT INTO Cartao VALUES(168, 11, 2, 'Azul', 7);
INSERT INTO Cartao VALUES(172, 10, 2, 'Azul', 7);
INSERT INTO Cartao VALUES(179, 1, 2, 'Azul', 7);
INSERT INTO Cartao VALUES(187, 16, 1, 'Azul', 8);

--AtribuiCartao
INSERT INTO AtribuiCartao VALUES(15, 8, 2);
INSERT INTO AtribuiCartao VALUES(23, 8, 3);
INSERT INTO AtribuiCartao VALUES(32, 8, 4);
INSERT INTO AtribuiCartao VALUES(52, 8, 7);
INSERT INTO AtribuiCartao VALUES(55, 8, 4);
INSERT INTO AtribuiCartao VALUES(79, 27, 20);
INSERT INTO AtribuiCartao VALUES(89, 27, 23);
INSERT INTO AtribuiCartao VALUES(98, 39, 31);
INSERT INTO AtribuiCartao VALUES(101, 39, 33);
INSERT INTO AtribuiCartao VALUES(118, 39, 36);
INSERT INTO AtribuiCartao VALUES(132, 52, 43);
INSERT INTO AtribuiCartao VALUES(134, 52, 44);
INSERT INTO AtribuiCartao VALUES(135, 52, 45);
INSERT INTO AtribuiCartao VALUES(150, 52, 51);
INSERT INTO AtribuiCartao VALUES(155, 64, 55);
INSERT INTO AtribuiCartao VALUES(168, 64, 55);
INSERT INTO AtribuiCartao VALUES(172, 64, 60);
INSERT INTO AtribuiCartao VALUES(179, 64, 63);
INSERT INTO AtribuiCartao VALUES(187, 76, 69);

--Golo
INSERT INTO Golo VALUES(3, 21, 1, 'Normal', 2);
INSERT INTO Golo VALUES(12, 13, 1, 'Normal', 2);
INSERT INTO Golo VALUES(33, 22, 2, 'Livre', 2);
INSERT INTO Golo VALUES(39, 17, 2, 'Livre', 2);
INSERT INTO Golo VALUES(50, 8, 2, 'Penálti', 2);
INSERT INTO Golo VALUES(57, 4, 2, 'Normal', 2);
INSERT INTO Golo VALUES(64, 0, 2, 'Normal', 2);
INSERT INTO Golo VALUES(66, 18, 1, 'Normal', 3);
INSERT INTO Golo VALUES(69, 6, 1, 'Normal', 3);
INSERT INTO Golo VALUES(71, 23, 2, 'Normal', 3);
INSERT INTO Golo VALUES(72, 17, 2, 'Normal', 3);
INSERT INTO Golo VALUES(73, 16, 2, 'Normal', 3);
INSERT INTO Golo VALUES(74, 11, 2, 'Normal', 3);
INSERT INTO Golo VALUES(81, 14, 1, 'Normal', 4);
INSERT INTO Golo VALUES(84, 10, 1, 'Normal', 4);
INSERT INTO Golo VALUES(86, 6, 1, 'Normal', 4);
INSERT INTO Golo VALUES(88, 2, 1, 'Normal', 4);
INSERT INTO Golo VALUES(91, 19, 2, 'Livre', 4);
INSERT INTO Golo VALUES(92, 18, 2, 'Normal', 4);
INSERT INTO Golo VALUES(96, 4, 2, 'Normal', 4);
INSERT INTO Golo VALUES(97, 22, 1, 'Normal', 5);
INSERT INTO Golo VALUES(100, 16, 1, 'Normal', 5);
INSERT INTO Golo VALUES(102, 10, 1, 'Normal', 5);
INSERT INTO Golo VALUES(104, 7, 1, 'Normal', 5);
INSERT INTO Golo VALUES(106, 2, 1, 'Normal', 5);
INSERT INTO Golo VALUES(111, 20, 2, 'Normal', 5);
INSERT INTO Golo VALUES(123, 4, 2, 'Normal', 5);
INSERT INTO Golo VALUES(126, 0, 2, 'Normal', 5);
INSERT INTO Golo VALUES(130, 5, 1, 'Normal', 6);
INSERT INTO Golo VALUES(136, 23, 2, 'Normal', 6);
INSERT INTO Golo VALUES(137, 22, 2, 'Penálti', 6);
INSERT INTO Golo VALUES(139, 10, 2, 'Normal', 6);
INSERT INTO Golo VALUES(141, 9, 2, 'Penálti', 6);
INSERT INTO Golo VALUES(145, 6, 2, 'Livre', 6);
INSERT INTO Golo VALUES(147, 4, 2, 'Normal', 6);
INSERT INTO Golo VALUES(148, 3, 2, 'Penálti', 6);
INSERT INTO Golo VALUES(159, 5, 1, 'Normal', 7);
INSERT INTO Golo VALUES(161, 1, 1, 'Normal', 7);
INSERT INTO Golo VALUES(162, 24, 2, 'Normal', 7);
INSERT INTO Golo VALUES(164, 20, 2, 'Normal', 7);
INSERT INTO Golo VALUES(165, 13, 2, 'Normal', 7);
INSERT INTO Golo VALUES(171, 11, 2, 'Livre', 7);
INSERT INTO Golo VALUES(173, 10, 2, 'Livre', 7);
INSERT INTO Golo VALUES(176, 7, 2, 'Penálti', 7);
INSERT INTO Golo VALUES(177, 6, 2, 'Penálti', 7);
INSERT INTO Golo VALUES(181, 20, 1, 'Normal', 8);
INSERT INTO Golo VALUES(182, 20, 1, 'Normal', 8);
INSERT INTO Golo VALUES(184, 18, 1, 'Normal', 8);
INSERT INTO Golo VALUES(188, 16, 1, 'Livre', 8);
INSERT INTO Golo VALUES(189, 13, 1, 'Normal', 8);
INSERT INTO Golo VALUES(191, 8, 1, 'Normal', 8);
INSERT INTO Golo VALUES(192, 1, 1, 'Normal', 8);
INSERT INTO Golo VALUES(193, 23, 2, 'Normal', 8);
INSERT INTO Golo VALUES(195, 20, 2, 'Normal', 8);
INSERT INTO Golo VALUES(196, 14, 2, 'Normal', 8);
INSERT INTO Golo VALUES(198, 11, 2, 'Normal', 8);
INSERT INTO Golo VALUES(199, 10, 2, 'Normal', 8);
INSERT INTO Golo VALUES(201, 8, 2, 'Normal', 8);
INSERT INTO Golo VALUES(202, 5, 2, 'Normal', 8);

--MarcaGolo
INSERT INTO MarcaGolo VALUES(3, 1, 4);
INSERT INTO MarcaGolo VALUES(12, 2, 4);
INSERT INTO MarcaGolo VALUES(33, 5, 1);
INSERT INTO MarcaGolo VALUES(39, 5, 1);
INSERT INTO MarcaGolo VALUES(50, 6, 1);
INSERT INTO MarcaGolo VALUES(57, 6, 1);
INSERT INTO MarcaGolo VALUES(64, 1, 4);
INSERT INTO MarcaGolo VALUES(66, 11, 3); 
INSERT INTO MarcaGolo VALUES(69, 12, 14);
INSERT INTO MarcaGolo VALUES(71, 13, 3);
INSERT INTO MarcaGolo VALUES(72, 14, 14);
INSERT INTO MarcaGolo VALUES(73, 15, 14);
INSERT INTO MarcaGolo VALUES(74, 3, 3);
INSERT INTO MarcaGolo VALUES(81, 21, 10);
INSERT INTO MarcaGolo VALUES(84, 22, 10);
INSERT INTO MarcaGolo VALUES(86, 22, 10);
INSERT INTO MarcaGolo VALUES(88, 22, 10);
INSERT INTO MarcaGolo VALUES(91, 24, 10);
INSERT INTO MarcaGolo VALUES(92, 25, 7);
INSERT INTO MarcaGolo VALUES(96, 26, 10);
INSERT INTO MarcaGolo VALUES(97, 30, 12);
INSERT INTO MarcaGolo VALUES(100, 32, 9);
INSERT INTO MarcaGolo VALUES(102, 34, 12);
INSERT INTO MarcaGolo VALUES(104, 35, 9);
INSERT INTO MarcaGolo VALUES(106, 36, 9);
INSERT INTO MarcaGolo VALUES(111, 37, 9);
INSERT INTO MarcaGolo VALUES(123, 32, 9);
INSERT INTO MarcaGolo VALUES(126, 38, 12);
INSERT INTO MarcaGolo VALUES(130, 42, 6);
INSERT INTO MarcaGolo VALUES(136, 46, 6);
INSERT INTO MarcaGolo VALUES(137, 47, 11);
INSERT INTO MarcaGolo VALUES(139, 46, 6);
INSERT INTO MarcaGolo VALUES(141, 47, 11);
INSERT INTO MarcaGolo VALUES(145, 48, 11);
INSERT INTO MarcaGolo VALUES(147, 49, 6);
INSERT INTO MarcaGolo VALUES(148, 50, 6);
INSERT INTO MarcaGolo VALUES(159, 56, 8);
INSERT INTO MarcaGolo VALUES(161, 56, 8);
INSERT INTO MarcaGolo VALUES(162, 57, 8);
INSERT INTO MarcaGolo VALUES(164, 58, 13);
INSERT INTO MarcaGolo VALUES(165, 59, 13);
INSERT INTO MarcaGolo VALUES(171, 56, 8);
INSERT INTO MarcaGolo VALUES(173, 58, 13);
INSERT INTO MarcaGolo VALUES(176, 61, 8);
INSERT INTO MarcaGolo VALUES(177, 62, 13);
INSERT INTO MarcaGolo VALUES(181, 67, 5);
INSERT INTO MarcaGolo VALUES(182, 68, 5);
INSERT INTO MarcaGolo VALUES(184, 67, 5);
INSERT INTO MarcaGolo VALUES(188, 70, 2);
INSERT INTO MarcaGolo VALUES(189, 71, 5);
INSERT INTO MarcaGolo VALUES(191, 69, 5);
INSERT INTO MarcaGolo VALUES(192, 72, 5);
INSERT INTO MarcaGolo VALUES(193, 73, 5);
INSERT INTO MarcaGolo VALUES(195, 72, 5);
INSERT INTO MarcaGolo VALUES(196, 74, 5);
INSERT INTO MarcaGolo VALUES(198, 75, 2);
INSERT INTO MarcaGolo VALUES(199, 75, 2);
INSERT INTO MarcaGolo VALUES(201, 70, 2);
INSERT INTO MarcaGolo VALUES(202, 75, 2);

--Substituicao

--Timeout
INSERT INTO Timeout VALUES(8, 16, 1, 4, 2);
INSERT INTO Timeout VALUES(13, 13, 1, 1, 2);
INSERT INTO Timeout VALUES(18, 8, 1, 1, 2);
INSERT INTO Timeout VALUES(29, 1, 1, 4, 2);
INSERT INTO Timeout VALUES(34, 21, 2, 4, 2);
INSERT INTO Timeout VALUES(45, 14, 2, 1, 2);
INSERT INTO Timeout VALUES(53, 8, 2, 4, 2);
INSERT INTO Timeout VALUES(67, 15, 1, 14, 3);
INSERT INTO Timeout VALUES(68, 9, 1, 3, 3);
INSERT INTO Timeout VALUES(70, 4, 1, 14, 3);
INSERT INTO Timeout VALUES(76, 7, 2, 14, 3);
INSERT INTO Timeout VALUES(77, 3, 2, 14, 3);
INSERT INTO Timeout VALUES(78, 0, 2, 3, 3);
INSERT INTO Timeout VALUES(82, 14, 1, 10, 4);
INSERT INTO Timeout VALUES(83, 13, 1, 7, 4);
INSERT INTO Timeout VALUES(85, 9, 1, 7, 4);
INSERT INTO Timeout VALUES(87, 3, 1, 10, 4);
INSERT INTO Timeout VALUES(94, 15, 2, 10, 4);
INSERT INTO Timeout VALUES(95, 9, 2, 7, 4);
INSERT INTO Timeout VALUES(107, 2, 1, 9, 5);
INSERT INTO Timeout VALUES(108, 2, 1, 12, 5);
INSERT INTO Timeout VALUES(109, 2, 1, 9, 5);
INSERT INTO Timeout VALUES(110, 2, 1, 12, 5);
INSERT INTO Timeout VALUES(112, 20, 2, 12, 5);
INSERT INTO Timeout VALUES(117, 8, 2, 12, 5);
INSERT INTO Timeout VALUES(125, 1, 2, 9, 5);
INSERT INTO Timeout VALUES(127, 16, 1, 6, 6);
INSERT INTO Timeout VALUES(128, 10, 1, 6, 6);
INSERT INTO Timeout VALUES(131, 5, 1, 11, 6);
INSERT INTO Timeout VALUES(140, 10, 2, 11, 6);
INSERT INTO Timeout VALUES(144, 8, 2, 6, 6);
INSERT INTO Timeout VALUES(146, 6, 2, 11, 6);
INSERT INTO Timeout VALUES(149, 2, 2, 6, 6);
INSERT INTO Timeout VALUES(154, 18, 1, 13, 7);
INSERT INTO Timeout VALUES(157, 12, 1, 8, 7);
INSERT INTO Timeout VALUES(158, 10, 1, 13, 7);
INSERT INTO Timeout VALUES(160, 2, 1, 8, 7);
INSERT INTO Timeout VALUES(166, 13, 2, 8, 7);
INSERT INTO Timeout VALUES(170, 11, 2, 13, 7);
INSERT INTO Timeout VALUES(178, 2, 2, 8, 7);
INSERT INTO Timeout VALUES(180, 1, 2, 13, 7);
INSERT INTO Timeout VALUES(183, 20, 1, 2, 8);
INSERT INTO Timeout VALUES(186, 17, 1, 2, 8);
INSERT INTO Timeout VALUES(190, 13, 1, 5, 8);
INSERT INTO Timeout VALUES(197, 11, 2, 5, 8);
INSERT INTO Timeout VALUES(200, 10, 2, 5, 8);
INSERT INTO Timeout VALUES(205, 1, 2, 2, 8);

--Desqualificadas
INSERT INTO Desqualificadas VALUES(2,'AD Sanjoanense',12);
INSERT INTO Desqualificadas VALUES(7,'SC Marinhense',13);
INSERT INTO Desqualificadas VALUES(14,'HC Turquel',14);

--Pavilhão
INSERT INTO Pavilhao VALUES(1,'Dragão Arena',2177,'FC Porto');
INSERT INTO Pavilhao VALUES(2,'Pavilhão dos Desportos AD Sanjoanense',NULL,'AD Sanjoanense');
INSERT INTO Pavilhao VALUES(3,'Pavilhão Municipal Cidade de Tomar ',900,'SC Tomar');
INSERT INTO Pavilhao VALUES(4,'Pavilhão Municipal de Barcelos',2400,'OC Barcelos');
INSERT INTO Pavilhao VALUES(5,'Pavilhão Fidelidade',2400,'Benfica');
INSERT INTO Pavilhao VALUES(6,'Pavilhão João Rocha',3000,'Sporting');
INSERT INTO Pavilhao VALUES(7,'Pavilhão da Embra',2500,'SC Marinhense');
INSERT INTO Pavilhao VALUES(8,'Pavilhão Municipal José Natário',2020,'Juventude de Viana');
INSERT INTO Pavilhao VALUES(9,'Pavilhão das Goladas',1000,'HC Braga');
INSERT INTO Pavilhao VALUES(10,'Pavilhão Dr. Salvador Machado',2300,'UD Oliveirense');
INSERT INTO Pavilhao VALUES(11,'Pavilhão Municipal de Valongo',2500,'AD Valongo');
INSERT INTO Pavilhao VALUES(12,'Pavilhão Gimnodesportivo de Paço de Arcos',Null,'CD Paço de Arcos');
INSERT INTO Pavilhao VALUES(13,'Pavilhão Fernando Lopes Graça',2500,'Parede FC');
INSERT INTO Pavilhao VALUES(14,'Pavilhão do Hóquei Clube de Turquel',2000,'HC Turquel');

--PavilhaoJogo
INSERT INTO PavilhaoJogo VALUES(1, 2);
INSERT INTO PavilhaoJogo VALUES(3, 3);
INSERT INTO PavilhaoJogo VALUES(10, 4);
INSERT INTO PavilhaoJogo VALUES(9, 5);
INSERT INTO PavilhaoJogo VALUES(11, 6);
INSERT INTO PavilhaoJogo VALUES(8, 7);
INSERT INTO PavilhaoJogo VALUES(5, 8);

INSERT INTO PavilhaoJogo VALUES(4, 9);
INSERT INTO PavilhaoJogo VALUES(14, 10);
INSERT INTO PavilhaoJogo VALUES(7, 11);
INSERT INTO PavilhaoJogo VALUES(12, 12);
INSERT INTO PavilhaoJogo VALUES(6, 13);
INSERT INTO PavilhaoJogo VALUES(13, 14);
INSERT INTO PavilhaoJogo VALUES(5, 15);

INSERT INTO PavilhaoJogo VALUES(4, 16);
INSERT INTO PavilhaoJogo VALUES(1, 17);
INSERT INTO PavilhaoJogo VALUES(3, 18);
INSERT INTO PavilhaoJogo VALUES(10, 19);
INSERT INTO PavilhaoJogo VALUES(9, 20);
INSERT INTO PavilhaoJogo VALUES(11, 21);
INSERT INTO PavilhaoJogo VALUES(2, 22);

INSERT INTO PavilhaoJogo VALUES(14, 23);
INSERT INTO PavilhaoJogo VALUES(4, 24);
INSERT INTO PavilhaoJogo VALUES(1, 25);
INSERT INTO PavilhaoJogo VALUES(3, 26);
INSERT INTO PavilhaoJogo VALUES(10, 27);
INSERT INTO PavilhaoJogo VALUES(9, 28);
INSERT INTO PavilhaoJogo VALUES(2, 29);

INSERT INTO PavilhaoJogo VALUES(14, 30);
INSERT INTO PavilhaoJogo VALUES(4, 31);
INSERT INTO PavilhaoJogo VALUES(1, 32);
INSERT INTO PavilhaoJogo VALUES(3, 33);
INSERT INTO PavilhaoJogo VALUES(10, 34);
INSERT INTO PavilhaoJogo VALUES(9, 35);
INSERT INTO PavilhaoJogo VALUES(2, 36);

INSERT INTO PavilhaoJogo VALUES(7, 37);
INSERT INTO PavilhaoJogo VALUES(12, 38);
INSERT INTO PavilhaoJogo VALUES(6, 39);
INSERT INTO PavilhaoJogo VALUES(13, 40);
INSERT INTO PavilhaoJogo VALUES(5, 41);
INSERT INTO PavilhaoJogo VALUES(8, 42);
INSERT INTO PavilhaoJogo VALUES(11, 43);

INSERT INTO PavilhaoJogo VALUES(7, 44);
INSERT INTO PavilhaoJogo VALUES(14, 45);
INSERT INTO PavilhaoJogo VALUES(4, 46);
INSERT INTO PavilhaoJogo VALUES(1, 47);
INSERT INTO PavilhaoJogo VALUES(3, 48);
INSERT INTO PavilhaoJogo VALUES(10, 49);
INSERT INTO PavilhaoJogo VALUES(2, 50);

INSERT INTO PavilhaoJogo VALUES(12, 51);
INSERT INTO PavilhaoJogo VALUES(7, 52);
INSERT INTO PavilhaoJogo VALUES(13, 53);
INSERT INTO PavilhaoJogo VALUES(5, 54);
INSERT INTO PavilhaoJogo VALUES(8, 55);
INSERT INTO PavilhaoJogo VALUES(11, 56);
INSERT INTO PavilhaoJogo VALUES(9, 57);

INSERT INTO PavilhaoJogo VALUES(12, 58);
INSERT INTO PavilhaoJogo VALUES(7, 59);
INSERT INTO PavilhaoJogo VALUES(14, 60);
INSERT INTO PavilhaoJogo VALUES(4, 61);
INSERT INTO PavilhaoJogo VALUES(1, 62);
INSERT INTO PavilhaoJogo VALUES(3, 63);
INSERT INTO PavilhaoJogo VALUES(2, 64);

INSERT INTO PavilhaoJogo VALUES(2, 65);
INSERT INTO PavilhaoJogo VALUES(13, 66);
INSERT INTO PavilhaoJogo VALUES(5, 67);
INSERT INTO PavilhaoJogo VALUES(8, 68);
INSERT INTO PavilhaoJogo VALUES(11, 69);
INSERT INTO PavilhaoJogo VALUES(9, 70);
INSERT INTO PavilhaoJogo VALUES(10, 71);

INSERT INTO PavilhaoJogo VALUES(13, 72);
INSERT INTO PavilhaoJogo VALUES(12, 73);
INSERT INTO PavilhaoJogo VALUES(7, 74);
INSERT INTO PavilhaoJogo VALUES(14, 75);
INSERT INTO PavilhaoJogo VALUES(4, 76);
INSERT INTO PavilhaoJogo VALUES(1, 77);
INSERT INTO PavilhaoJogo VALUES(2, 78);

INSERT INTO PavilhaoJogo VALUES(2, 79);
INSERT INTO PavilhaoJogo VALUES(5, 80);
INSERT INTO PavilhaoJogo VALUES(8, 81);
INSERT INTO PavilhaoJogo VALUES(11, 82);
INSERT INTO PavilhaoJogo VALUES(9, 83);
INSERT INTO PavilhaoJogo VALUES(10, 84);
INSERT INTO PavilhaoJogo VALUES(3, 85);

INSERT INTO PavilhaoJogo VALUES(13, 86);
INSERT INTO PavilhaoJogo VALUES(6, 87);
INSERT INTO PavilhaoJogo VALUES(12, 88);
INSERT INTO PavilhaoJogo VALUES(7, 89);
INSERT INTO PavilhaoJogo VALUES(14, 90);
INSERT INTO PavilhaoJogo VALUES(4, 91);
INSERT INTO PavilhaoJogo VALUES(1, 92);

INSERT INTO PavilhaoJogo VALUES(4, 93);
INSERT INTO PavilhaoJogo VALUES(14, 94);
INSERT INTO PavilhaoJogo VALUES(7, 95);
INSERT INTO PavilhaoJogo VALUES(12, 96);
INSERT INTO PavilhaoJogo VALUES(6, 97);
INSERT INTO PavilhaoJogo VALUES(13, 98);
INSERT INTO PavilhaoJogo VALUES(2, 99);

INSERT INTO PavilhaoJogo VALUES(2, 100);
INSERT INTO PavilhaoJogo VALUES(1, 101);
INSERT INTO PavilhaoJogo VALUES(3, 102);
INSERT INTO PavilhaoJogo VALUES(10, 103);
INSERT INTO PavilhaoJogo VALUES(9, 104);
INSERT INTO PavilhaoJogo VALUES(11, 105);
INSERT INTO PavilhaoJogo VALUES(8, 106);

INSERT INTO PavilhaoJogo VALUES(14, 107);
INSERT INTO PavilhaoJogo VALUES(7, 108);
INSERT INTO PavilhaoJogo VALUES(12, 109);
INSERT INTO PavilhaoJogo VALUES(6, 110);
INSERT INTO PavilhaoJogo VALUES(13, 111);
INSERT INTO PavilhaoJogo VALUES(5, 112);
INSERT INTO PavilhaoJogo VALUES(8, 113);

INSERT INTO PavilhaoJogo VALUES(2, 114);
INSERT INTO PavilhaoJogo VALUES(4, 115);
INSERT INTO PavilhaoJogo VALUES(1, 116);
INSERT INTO PavilhaoJogo VALUES(3, 117);
INSERT INTO PavilhaoJogo VALUES(10, 118);
INSERT INTO PavilhaoJogo VALUES(9, 119);
INSERT INTO PavilhaoJogo VALUES(11, 120);

INSERT INTO PavilhaoJogo VALUES(7, 121);
INSERT INTO PavilhaoJogo VALUES(12, 122);
INSERT INTO PavilhaoJogo VALUES(6, 123);
INSERT INTO PavilhaoJogo VALUES(13, 124);
INSERT INTO PavilhaoJogo VALUES(5, 125);
INSERT INTO PavilhaoJogo VALUES(8, 126);
INSERT INTO PavilhaoJogo VALUES(11, 127);

INSERT INTO PavilhaoJogo VALUES(2, 128);
INSERT INTO PavilhaoJogo VALUES(14, 129);
INSERT INTO PavilhaoJogo VALUES(4, 130);
INSERT INTO PavilhaoJogo VALUES(1, 131);
INSERT INTO PavilhaoJogo VALUES(3, 132);
INSERT INTO PavilhaoJogo VALUES(10, 133);
INSERT INTO PavilhaoJogo VALUES(9, 134);

INSERT INTO PavilhaoJogo VALUES(12, 135);
INSERT INTO PavilhaoJogo VALUES(6, 136);
INSERT INTO PavilhaoJogo VALUES(13, 137);
INSERT INTO PavilhaoJogo VALUES(5, 138);
INSERT INTO PavilhaoJogo VALUES(8, 139);
INSERT INTO PavilhaoJogo VALUES(11, 140);
INSERT INTO PavilhaoJogo VALUES(9, 141);

INSERT INTO PavilhaoJogo VALUES(2, 142);
INSERT INTO PavilhaoJogo VALUES(6, 143);
INSERT INTO PavilhaoJogo VALUES(14, 144);
INSERT INTO PavilhaoJogo VALUES(4, 145);
INSERT INTO PavilhaoJogo VALUES(1, 146);
INSERT INTO PavilhaoJogo VALUES(3, 147);
INSERT INTO PavilhaoJogo VALUES(10, 148);

INSERT INTO PavilhaoJogo VALUES(6, 149);
INSERT INTO PavilhaoJogo VALUES(13, 150);
INSERT INTO PavilhaoJogo VALUES(5, 151);
INSERT INTO PavilhaoJogo VALUES(8, 152);
INSERT INTO PavilhaoJogo VALUES(11, 153);
INSERT INTO PavilhaoJogo VALUES(9, 154);
INSERT INTO PavilhaoJogo VALUES(10, 155);

INSERT INTO PavilhaoJogo VALUES(6, 156);
INSERT INTO PavilhaoJogo VALUES(12, 157);
INSERT INTO PavilhaoJogo VALUES(7, 158);
INSERT INTO PavilhaoJogo VALUES(14, 159);
INSERT INTO PavilhaoJogo VALUES(4, 160);
INSERT INTO PavilhaoJogo VALUES(1, 161);
INSERT INTO PavilhaoJogo VALUES(3, 162);

INSERT INTO PavilhaoJogo VALUES(6, 163);
INSERT INTO PavilhaoJogo VALUES(5, 164);
INSERT INTO PavilhaoJogo VALUES(8, 165);
INSERT INTO PavilhaoJogo VALUES(14, 166);
INSERT INTO PavilhaoJogo VALUES(9, 167);
INSERT INTO PavilhaoJogo VALUES(10, 168);
INSERT INTO PavilhaoJogo VALUES(3, 169);

INSERT INTO PavilhaoJogo VALUES(13, 170);
INSERT INTO PavilhaoJogo VALUES(6, 171);
INSERT INTO PavilhaoJogo VALUES(12, 172);
INSERT INTO PavilhaoJogo VALUES(7, 173);
INSERT INTO PavilhaoJogo VALUES(14, 174);
INSERT INTO PavilhaoJogo VALUES(4, 175);
INSERT INTO PavilhaoJogo VALUES(1, 176);

INSERT INTO PavilhaoJogo VALUES(5, 177);
INSERT INTO PavilhaoJogo VALUES(8, 178);
INSERT INTO PavilhaoJogo VALUES(11, 179);
INSERT INTO PavilhaoJogo VALUES(9, 180);
INSERT INTO PavilhaoJogo VALUES(10, 181);
INSERT INTO PavilhaoJogo VALUES(3, 182);
INSERT INTO PavilhaoJogo VALUES(2, 183);

--QuartosFinal
INSERT INTO Jogo VALUES(184, 2022-05-21, '19:00:00', 'FC Porto', 'SC Tomar', 3, 1);
INSERT INTO Jogo VALUES(185, 2022-05-21, '21:00:00', 'Sporting', 'HC Braga', 6, 9);
INSERT INTO Jogo VALUES(186, 2022-05-21, '21:30:00', 'OC Barcelos', 'UD Oliveirense', 4, 10);
INSERT INTO Jogo VALUES(187, 2022-05-25, '20:00:00', 'Benfica', 'AD Valongo', 5, 11);

--MeiasFinal
INSERT INTO Jogo VALUES(188, 2022-06-12, '18:30:00', 'Benfica', 'Sporting', 6, 5);
INSERT INTO Jogo VALUES(189, 2022-06-07, '20:00:00', 'FC Porto', 'OC Barcelos', 1, 4);

--Final
INSERT INTO Jogo VALUES(190, 2022-06-29, '20:00:00', 'FC Porto', 'Benfica', 1, 5);

--JogoPlayoff
INSERT INTO JogoPlayoff VALUES(184, 'Quarto de Final');
INSERT INTO JogoPlayoff VALUES(185, 'Quarto de Final');
INSERT INTO JogoPlayoff VALUES(186, 'Quarto de Final');
INSERT INTO JogoPlayoff VALUES(187, 'Quarto de Final');

INSERT INTO JogoPlayoff VALUES(188, 'Meia Final');
INSERT INTO JogoPlayoff VALUES(189, 'Meia Final');

INSERT INTO JogoPlayoff VALUES(190, 'Final');

--EventosJogosPlayoff

INSERT INTO Golo VALUES(206, 23, 1, 'Normal', 190);
INSERT INTO MarcaGolo VALUES(206,100,1);
INSERT INTO Jogador VALUES(100, 'Goncalo Alves',NULL,77,NULL,1);
INSERT INTO Timeout VALUES(208,6,1,1,189);

COMMIT TRANSACTION;